	Tissue	Experiment	Name	Full
CHBMDM1hKLA2_ATAC_JHS1000_SD_AGGTTGGG_S11_L001_R1_001.fastq.gz	BMDM1hKLA	ATAC	BMDM1hKLA_ATAC1	CHBMDM1hKLA2_ATAC_JHS1000_SD_AGGTTGGG_S11_L001_R1_001.fastq.gz
CHBMDM1hKLA1_ATAC_JHS998_SD_TGGGTTTC_S9_L001_R1_001.fastq.gz	BMDM1hKLA	ATAC	BMDM1hKLA_ATAC2	CHBMDM1hKLA1_ATAC_JHS998_SD_TGGGTTTC_S9_L001_R1_001.fastq.gz
CHBMDM1hKLA_GRO_JHS1027_SD_CAAAAG_S42_L003_R1_001.fastq.gz	BMDM1hKLA	GRO	BMDM1hKLA_GRO1	CHBMDM1hKLA_GRO_JHS1027_SD_CAAAAG_S42_L003_R1_001.fastq.gz
CHBMDM1hKLA_GRO_JHS1034_SD_AGTCAA_S49_L003_R1_001.fastq.gz	BMDM1hKLA	GROCap	BMDM1hKLA_GROCap1	CHBMDM1hKLA_GRO_JHS1034_SD_AGTCAA_S49_L003_R1_001.fastq.gz
CHBMDMVehic2_ATAC_JHS999_SD_TGGTCACA_S10_L001_R1_001.fastq.gz	BMDMwt	ATAC	BMDMwt_ATAC1	CHBMDMVehic2_ATAC_JHS999_SD_TGGTCACA_S10_L001_R1_001.fastq.gz
CHBMDMVehic1_ATAC_JHS997_SD_GTGTGGTG_S8_L001_R1_001.fastq.gz	BMDMwt	ATAC	BMDMwt_ATAC2	CHBMDMVehic1_ATAC_JHS997_SD_GTGTGGTG_S8_L001_R1_001.fastq.gz
CHBMDMwt_GRO_JHS1026_SD_ATTCCT_S41_L003_R1_001.fastq.gz	BMDMwt	GRO	BMDMwt_GRO1	CHBMDMwt_GRO_JHS1026_SD_ATTCCT_S41_L003_R1_001.fastq.gz
CHBMDMwt_GRO_JHS1033_SD_TAGCTT_S48_L003_R1_001.fastq.gz	BMDMwt	GROCap	BMDMwt_GROCap1	CHBMDMwt_GRO_JHS1033_SD_TAGCTT_S48_L003_R1_001.fastq.gz
CHBrain_ATAC_JHS992_SD_ACCACTGT_S4_L001_R1_001.fastq.gz	Brain	ATAC	Brain_ATAC1	CHBrain_ATAC_JHS992_SD_ACCACTGT_S4_L001_R1_001.fastq.gz
CHBrain_GRO_JHS1029_SD_CACCGG_S44_L003_R1_001.fastq.gz	Brain	GRO	Brain_GRO1	CHBrain_GRO_JHS1029_SD_CACCGG_S44_L003_R1_001.fastq.gz
CHBrain_GRO_JHS1036_SD_ATGTCA_S51_L003_R1_001.fastq.gz	Brain	GROCap	Brain_GROCap1	CHBrain_GRO_JHS1036_SD_ATGTCA_S51_L003_R1_001.fastq.gz
CHBrain_mSTART_JHS1057_SD_ATTCCT_S79_L004_R1_001.fastq.gz	Brain	START	Brain_START1	CHBrain_mSTART_JHS1057_SD_ATTCCT_S79_L004_R1_001.fastq.gz
CHBrain7neg1_mSTART_JHS1061_SD_CACGAT_S83_L004_R1_001.fastq.gz	Brain	START	Brain_START2	CHBrain7neg1_mSTART_JHS1061_SD_CACGAT_S83_L004_R1_001.fastq.gz
CHBrain_mSTART_JHS1016_SD_GTAGAG_S28_L002_R1_001.fastq.gz	Brain	START	Brain_START3	CHBrain_mSTART_JHS1016_SD_GTAGAG_S28_L002_R1_001.fastq.gz
CHBrainnegmaybe7neg1_mSTARTinput_JHS1082_SD_CACGAT_S104_L005_R1_001.fastq.gz	Brain	STARTinput	Brain_STARTinput1	CHBrainnegmaybe7neg1_mSTARTinput_JHS1082_SD_CACGAT_S104_L005_R1_001.fastq.gz
CHBrain_mSTARTinput_JHS1078_SD_ATTCCT_S100_L005_R1_001.fastq.gz	Brain	STARTinput	Brain_STARTinput2	CHBrain_mSTARTinput_JHS1078_SD_ATTCCT_S100_L005_R1_001.fastq.gz
CHO-ATAC-SD378_S17_R1_001.fastq.gz	CHO	ATAC	CHO_ATAC1	CHO-ATAC-SD378_S17_R1_001.fastq.gz
Hamster-CHO-ATAC-SD332_S22_R1_001.fastq.gz	CHO	ATAC	CHO_ATAC2	Hamster-CHO-ATAC-SD332_S22_R1_001.fastq.gz
CHO-ATAC-SD380_S18_R1_001.fastq.gz	CHO	ATAC	CHO_ATAC3	CHO-ATAC-SD380_S18_R1_001.fastq.gz
Hamster-CHO-ATAC-SD335_S23_R1_001.fastq.gz	CHO	ATAC	CHO_ATAC4	Hamster-CHO-ATAC-SD335_S23_R1_001.fastq.gz
CHO-GRO-SD370_S9_R1_001.fastq.gz	CHO	GRO	CHO_GRO1	CHO-GRO-SD370_S9_R1_001.fastq.gz
CHO-GRO-SD369_S8_R1_001.fastq.gz	CHO	GRO	CHO_GRO2	CHO-GRO-SD369_S8_R1_001.fastq.gz
CHO-5GRO-SD367_S6_R1_001.fastq.gz	CHO	GROCap	CHO_GROCap1	CHO-5GRO-SD367_S6_R1_001.fastq.gz
CHO-5GRO-SD371_S10_R1_001.fastq.gz	CHO	GROCap	CHO_GROCap2	CHO-5GRO-SD371_S10_R1_001.fastq.gz
CHO--mSTART-JHS823_S21_R1_001.fastq.gz	CHO	START	CHO_START1	CHO--mSTART-JHS823_S21_R1_001.fastq.gz
CHO--mSTART_input-JHS802_S11_R1_001.fastq.gz	CHO	STARTinput	CHO_STARTinput1	CHO--mSTART_input-JHS802_S11_R1_001.fastq.gz
CHFemaleReproductive_mSTART_JHS1011_SD_TAGCTT_S23_L002_R1_001.fastq.gz	FemaleReproductive	START	FemaleReproductive_START1	CHFemaleReproductive_mSTART_JHS1011_SD_TAGCTT_S23_L002_R1_001.fastq.gz
CHFemaleReproductive_mSTART_JHS1052_SD_CGTACG_S74_L004_R1_001.fastq.gz	FemaleReproductive	START	FemaleReproductive_START2	CHFemaleReproductive_mSTART_JHS1052_SD_CGTACG_S74_L004_R1_001.fastq.gz
CHFemaleReproductive_mSTARTinput_JHS1073_SD_CGTACG_S95_L005_R1_001.fastq.gz	FemaleReproductive	STARTinput	FemaleReproductive_STARTinput1	CHFemaleReproductive_mSTARTinput_JHS1073_SD_CGTACG_S95_L005_R1_001.fastq.gz
CHHeart_mSTART_JHS1056_SD_ATGAGC_S78_L004_R1_001.fastq.gz	Heart	START	Heart_START1	CHHeart_mSTART_JHS1056_SD_ATGAGC_S78_L004_R1_001.fastq.gz
CHHeart_mSTART_JHS1013_SD_AGTTCC_S25_L002_R1_001.fastq.gz	Heart	START	Heart_START2	CHHeart_mSTART_JHS1013_SD_AGTTCC_S25_L002_R1_001.fastq.gz
CHHeart_mSTARTinput_JHS1077_SD_ATGAGC_S99_L005_R1_001.fastq.gz	Heart	STARTinput	Heart_STARTinput1	CHHeart_mSTARTinput_JHS1077_SD_ATGAGC_S99_L005_R1_001.fastq.gz
CHIntestine_mSTART_JHS1012_SD_AGTCAA_S24_L002_R1_001.fastq.gz	Intestine	START	Intestine_START1	CHIntestine_mSTART_JHS1012_SD_AGTCAA_S24_L002_R1_001.fastq.gz
CHKidney_ATAC_JHS991_SD_CGAGGCTG_S3_L001_R1_001.fastq.gz	Kidney	ATAC	Kidney_ATAC1	CHKidney_ATAC_JHS991_SD_CGAGGCTG_S3_L001_R1_001.fastq.gz
CHKidney_GRO_JHS1028_SD_CAACTA_S43_L003_R1_001.fastq.gz	Kidney	GRO	Kidney_GRO1	CHKidney_GRO_JHS1028_SD_CAACTA_S43_L003_R1_001.fastq.gz
CHKidney_GRO_JHS1035_SD_AGTTCC_S50_L003_R1_001.fastq.gz	Kidney	GROCap	Kidney_GROCap1	CHKidney_GRO_JHS1035_SD_AGTTCC_S50_L003_R1_001.fastq.gz
CHKidney_mSTART_JHS1059_SD_CAACTA_S81_L004_R1_001.fastq.gz	Kidney	START	Kidney_START1	CHKidney_mSTART_JHS1059_SD_CAACTA_S81_L004_R1_001.fastq.gz
CHKidney_mSTART_JHS1022_SD_GAGTGG_S34_L002_R1_001.fastq.gz	Kidney	START	Kidney_START2	CHKidney_mSTART_JHS1022_SD_GAGTGG_S34_L002_R1_001.fastq.gz
CHKidney_mSTARTinput_JHS1080_SD_CAACTA_S102_L005_R1_001.fastq.gz	Kidney	STARTinput	Kidney_STARTinput1	CHKidney_mSTARTinput_JHS1080_SD_CAACTA_S102_L005_R1_001.fastq.gz
CHLiver_ATAC_JHS994_SD_CCGTTTGT_S6_L001_R1_001.fastq.gz	Liver	ATAC	Liver_ATAC1	CHLiver_ATAC_JHS994_SD_CCGTTTGT_S6_L001_R1_001.fastq.gz
CHLiver_GRO_JHS1031_SD_TAATCG_S46_L003_R1_001.fastq.gz	Liver	GRO	Liver_GRO1	CHLiver_GRO_JHS1031_SD_TAATCG_S46_L003_R1_001.fastq.gz
CHLiver_GRO_JHS1038_SD_GTAGAG_S53_L003_R1_001.fastq.gz	Liver	GROCap	Liver_GROCap1	CHLiver_GRO_JHS1038_SD_GTAGAG_S53_L003_R1_001.fastq.gz
CHLiver_mSTART_JHS1055_SD_ACTGAT_S77_L004_R1_001.fastq.gz	Liver	START	Liver_START1	CHLiver_mSTART_JHS1055_SD_ACTGAT_S77_L004_R1_001.fastq.gz
CHLiver_mSTART_JHS1015_SD_CCGTCC_S27_L002_R1_001.fastq.gz	Liver	START	Liver_START2	CHLiver_mSTART_JHS1015_SD_CCGTCC_S27_L002_R1_001.fastq.gz
CHLiver_mSTARTinput_JHS1076_SD_ACTGAT_S98_L005_R1_001.fastq.gz	Liver	STARTinput	Liver_STARTinput1	CHLiver_mSTARTinput_JHS1076_SD_ACTGAT_S98_L005_R1_001.fastq.gz
CHLung_ATAC_JHS993_SD_TGGATCTG_S5_L001_R1_001.fastq.gz	Lung	ATAC	Lung_ATAC1	CHLung_ATAC_JHS993_SD_TGGATCTG_S5_L001_R1_001.fastq.gz
CHLung_GRO_JHS1030_SD_CACGAT_S45_L003_R1_001.fastq.gz	Lung	GRO	Lung_GRO1	CHLung_GRO_JHS1030_SD_CACGAT_S45_L003_R1_001.fastq.gz
CHLung_GRO_JHS1037_SD_CCGTCC_S52_L003_R1_001.fastq.gz	Lung	GROCap	Lung_GROCap1	CHLung_GRO_JHS1037_SD_CCGTCC_S52_L003_R1_001.fastq.gz
CHLung_mSTART_JHS1054_SD_GGTAGC_S76_L004_R1_001.fastq.gz	Lung	START	Lung_START1	CHLung_mSTART_JHS1054_SD_GGTAGC_S76_L004_R1_001.fastq.gz
CHLung_mSTART_JHS1020_SD_GTTTCG_S32_L002_R1_001.fastq.gz	Lung	START	Lung_START2	CHLung_mSTART_JHS1020_SD_GTTTCG_S32_L002_R1_001.fastq.gz
CHLung_mSTARTinput_JHS1075_SD_GGTAGC_S97_L005_R1_001.fastq.gz	Lung	STARTinput	Lung_STARTinput1	CHLung_mSTARTinput_JHS1075_SD_GGTAGC_S97_L005_R1_001.fastq.gz
CHMiscOrgans_mSTART_JHS1060_SD_CACCGG_S82_L004_R1_001.fastq.gz	MiscOrgans	START	MiscOrgans_START1	CHMiscOrgans_mSTART_JHS1060_SD_CACCGG_S82_L004_R1_001.fastq.gz
CHMiscOrgans_mSTART_JHS1018_SD_GTGAAA_S30_L002_R1_001.fastq.gz	MiscOrgans	START	MiscOrgans_START2	CHMiscOrgans_mSTART_JHS1018_SD_GTGAAA_S30_L002_R1_001.fastq.gz
CHMiscOrgans_mSTARTinput_JHS1081_SD_CACCGG_S103_L005_R1_001.fastq.gz	MiscOrgans	STARTinput	MiscOrgans_STARTinput1	CHMiscOrgans_mSTARTinput_JHS1081_SD_CACCGG_S103_L005_R1_001.fastq.gz
CHMuscle_mSTART_JHS1019_SD_GTGGCC_S31_L002_R1_001.fastq.gz	Muscle	START	Muscle_START1	CHMuscle_mSTART_JHS1019_SD_GTGGCC_S31_L002_R1_001.fastq.gz
CHMuscle_mSTART_JHS1058_SD_CAAAAG_S80_L004_R1_001.fastq.gz	Muscle	START	Muscle_START2	CHMuscle_mSTART_JHS1058_SD_CAAAAG_S80_L004_R1_001.fastq.gz
CHMuscle_mSTARTinput_JHS1079_SD_CAAAAG_S101_L005_R1_001.fastq.gz	Muscle	STARTinput	Muscle_STARTinput1	CHMuscle_mSTARTinput_JHS1079_SD_CAAAAG_S101_L005_R1_001.fastq.gz
CHPancreas_mSTART_JHS1014_SD_ATGTCA_S26_L002_R1_001.fastq.gz	Pancreas	START	Pancreas_START1	CHPancreas_mSTART_JHS1014_SD_ATGTCA_S26_L002_R1_001.fastq.gz
CHPancreas_mSTART_JHS1051_SD_GTTTCG_S73_L004_R1_001.fastq.gz	Pancreas	START	Pancreas_START2	CHPancreas_mSTART_JHS1051_SD_GTTTCG_S73_L004_R1_001.fastq.gz
CHPancreas_mSTARTinput_JHS1072_SD_GTTTCG_S94_L005_R1_001.fastq.gz	Pancreas	STARTinput	Pancreas_STARTinput1	CHPancreas_mSTARTinput_JHS1072_SD_GTTTCG_S94_L005_R1_001.fastq.gz
CHSkin_mSTART_JHS1021_SD_CGTACG_S33_L002_R1_001.fastq.gz	Skin	START	Skin_START1	CHSkin_mSTART_JHS1021_SD_CGTACG_S33_L002_R1_001.fastq.gz
CHSpleenBlood_ATAC_JHS995_SD_TGCTGGGT_S7_L001_R1_001.fastq.gz	Spleen	ATAC	Spleen_ATAC1	CHSpleenBlood_ATAC_JHS995_SD_TGCTGGGT_S7_L001_R1_001.fastq.gz
CHBloondnegSpleen_GRO_JHS1032_SD_TCCCGA_S47_L003_R1_001.fastq (3).gz	Spleen	GRO	Spleen_GRO1	CHBloondnegSpleen_GRO_JHS1032_SD_TCCCGA_S47_L003_R1_001.fastq (3).gz
CHSpleednegBlood_mSTART_JHS1017_SD_GTCCGC_S29_L002_R1_001.fastq.gz	Spleen	START	Spleen_START1	CHSpleednegBlood_mSTART_JHS1017_SD_GTCCGC_S29_L002_R1_001.fastq.gz
CHSpleen_mSTART_JHS1053_SD_GAGTGG_S75_L004_R1_001.fastq.gz	Spleen	START	Spleen_START2	CHSpleen_mSTART_JHS1053_SD_GAGTGG_S75_L004_R1_001.fastq.gz
CHSpleen_mSTARTinput_JHS1074_SD_GAGTGG_S96_L005_R1_001.fastq.gz	Spleen	STARTinput	Spleen_STARTinput1	CHSpleen_mSTARTinput_JHS1074_SD_GAGTGG_S96_L005_R1_001.fastq.gz
CHTotal_mSTART_JHS1023_SD_GGTAGC_S35_L002_R1_001.fastq.gz	Total	START	Total_START1	CHTotal_mSTART_JHS1023_SD_GGTAGC_S35_L002_R1_001.fastq.gz
