	Experiment	Full	Name	Tissue
CHBMDM1hKLA2_ATAC_JHS1000_SD_AGGTTGGG_S11_L001_R1_001.fastq.gz	ATAC	CHBMDM1hKLA2_ATAC_JHS1000_SD_AGGTTGGG_S11_L001_R1_001.fastq.gz	BMDM1hKLA_ATAC1	BMDM1hKLA
CHBMDM1hKLA1_ATAC_JHS998_SD_TGGGTTTC_S9_L001_R1_001.fastq.gz	ATAC	CHBMDM1hKLA1_ATAC_JHS998_SD_TGGGTTTC_S9_L001_R1_001.fastq.gz	BMDM1hKLA_ATAC2	BMDM1hKLA
CHBMDM1hKLA_GRO_JHS1027_SD_CAAAAG_S42_L003_R1_001.fastq.gz	GRO	CHBMDM1hKLA_GRO_JHS1027_SD_CAAAAG_S42_L003_R1_001.fastq.gz	BMDM1hKLA_GRO1	BMDM1hKLA
CHBMDM1hKLA_GRO_JHS1034_SD_AGTCAA_S49_L003_R1_001.fastq.gz	GROCap	CHBMDM1hKLA_GRO_JHS1034_SD_AGTCAA_S49_L003_R1_001.fastq.gz	BMDM1hKLA_GROCap1	BMDM1hKLA
CHBMDMVehic2_ATAC_JHS999_SD_TGGTCACA_S10_L001_R1_001.fastq.gz	ATAC	CHBMDMVehic2_ATAC_JHS999_SD_TGGTCACA_S10_L001_R1_001.fastq.gz	BMDMwt_ATAC1	BMDMwt
CHBMDMVehic1_ATAC_JHS997_SD_GTGTGGTG_S8_L001_R1_001.fastq.gz	ATAC	CHBMDMVehic1_ATAC_JHS997_SD_GTGTGGTG_S8_L001_R1_001.fastq.gz	BMDMwt_ATAC2	BMDMwt
CHBMDMwt_GRO_JHS1026_SD_ATTCCT_S41_L003_R1_001.fastq.gz	GRO	CHBMDMwt_GRO_JHS1026_SD_ATTCCT_S41_L003_R1_001.fastq.gz	BMDMwt_GRO1	BMDMwt
CHBMDMwt_GRO_JHS1033_SD_TAGCTT_S48_L003_R1_001.fastq.gz	GROCap	CHBMDMwt_GRO_JHS1033_SD_TAGCTT_S48_L003_R1_001.fastq.gz	BMDMwt_GROCap1	BMDMwt
CHBrain_ATAC_JHS992_SD_ACCACTGT_S4_L001_R1_001.fastq.gz	ATAC	CHBrain_ATAC_JHS992_SD_ACCACTGT_S4_L001_R1_001.fastq.gz	Brain_ATAC1	Brain
CHBrain_GRO_JHS1029_SD_CACCGG_S44_L003_R1_001.fastq.gz	GRO	CHBrain_GRO_JHS1029_SD_CACCGG_S44_L003_R1_001.fastq.gz	Brain_GRO1	Brain
CHBrain_GRO_JHS1036_SD_ATGTCA_S51_L003_R1_001.fastq.gz	GROCap	CHBrain_GRO_JHS1036_SD_ATGTCA_S51_L003_R1_001.fastq.gz	Brain_GROCap1	Brain
CHBrain_mSTART_JHS1057_SD_ATTCCT_S79_L004_R1_001.fastq.gz	START	CHBrain_mSTART_JHS1057_SD_ATTCCT_S79_L004_R1_001.fastq.gz	Brain_START1	Brain
CHBrain7neg1_mSTART_JHS1061_SD_CACGAT_S83_L004_R1_001.fastq.gz	START	CHBrain7neg1_mSTART_JHS1061_SD_CACGAT_S83_L004_R1_001.fastq.gz	Brain_START2	Brain
CHBrain_mSTART_JHS1016_SD_GTAGAG_S28_L002_R1_001.fastq.gz	START	CHBrain_mSTART_JHS1016_SD_GTAGAG_S28_L002_R1_001.fastq.gz	Brain_START3	Brain
CHBrainnegmaybe7neg1_mSTARTinput_JHS1082_SD_CACGAT_S104_L005_R1_001.fastq.gz	STARTinput	CHBrainnegmaybe7neg1_mSTARTinput_JHS1082_SD_CACGAT_S104_L005_R1_001.fastq.gz	Brain_STARTinput1	Brain
CHBrain_mSTARTinput_JHS1078_SD_ATTCCT_S100_L005_R1_001.fastq.gz	STARTinput	CHBrain_mSTARTinput_JHS1078_SD_ATTCCT_S100_L005_R1_001.fastq.gz	Brain_STARTinput2	Brain
CHO-ATAC-SD378_S17_R1_001.fastq.gz	ATAC	CHO-ATAC-SD378_S17_R1_001.fastq.gz	CHO_ATAC1	CHO
Hamster-CHO-ATAC-SD332_S22_R1_001.fastq.gz	ATAC	Hamster-CHO-ATAC-SD332_S22_R1_001.fastq.gz	CHO_ATAC2	CHO
CHO-ATAC-SD380_S18_R1_001.fastq.gz	ATAC	CHO-ATAC-SD380_S18_R1_001.fastq.gz	CHO_ATAC3	CHO
Hamster-CHO-ATAC-SD335_S23_R1_001.fastq.gz	ATAC	Hamster-CHO-ATAC-SD335_S23_R1_001.fastq.gz	CHO_ATAC4	CHO
CHO-GRO-SD370_S9_R1_001.fastq.gz	GRO	CHO-GRO-SD370_S9_R1_001.fastq.gz	CHO_GRO1	CHO
CHO-GRO-SD369_S8_R1_001.fastq.gz	GRO	CHO-GRO-SD369_S8_R1_001.fastq.gz	CHO_GRO2	CHO
CHO-5GRO-SD367_S6_R1_001.fastq.gz	GROCap	CHO-5GRO-SD367_S6_R1_001.fastq.gz	CHO_GROCap1	CHO
CHO-5GRO-SD371_S10_R1_001.fastq.gz	GROCap	CHO-5GRO-SD371_S10_R1_001.fastq.gz	CHO_GROCap2	CHO
CHO--mSTART-JHS823_S21_R1_001.fastq.gz	START	CHO--mSTART-JHS823_S21_R1_001.fastq.gz	CHO_START1	CHO
CHO--mSTART_input-JHS802_S11_R1_001.fastq.gz	STARTinput	CHO--mSTART_input-JHS802_S11_R1_001.fastq.gz	CHO_STARTinput1	CHO
CHFemaleReproductive_mSTART_JHS1011_SD_TAGCTT_S23_L002_R1_001.fastq.gz	START	CHFemaleReproductive_mSTART_JHS1011_SD_TAGCTT_S23_L002_R1_001.fastq.gz	FemaleReproductive_START1	FemaleReproductive
CHFemaleReproductive_mSTART_JHS1052_SD_CGTACG_S74_L004_R1_001.fastq.gz	START	CHFemaleReproductive_mSTART_JHS1052_SD_CGTACG_S74_L004_R1_001.fastq.gz	FemaleReproductive_START2	FemaleReproductive
CHFemaleReproductive_mSTARTinput_JHS1073_SD_CGTACG_S95_L005_R1_001.fastq.gz	STARTinput	CHFemaleReproductive_mSTARTinput_JHS1073_SD_CGTACG_S95_L005_R1_001.fastq.gz	FemaleReproductive_STARTinput1	FemaleReproductive
CHHeart_mSTART_JHS1056_SD_ATGAGC_S78_L004_R1_001.fastq.gz	START	CHHeart_mSTART_JHS1056_SD_ATGAGC_S78_L004_R1_001.fastq.gz	Heart_START1	Heart
CHHeart_mSTART_JHS1013_SD_AGTTCC_S25_L002_R1_001.fastq.gz	START	CHHeart_mSTART_JHS1013_SD_AGTTCC_S25_L002_R1_001.fastq.gz	Heart_START2	Heart
CHHeart_mSTARTinput_JHS1077_SD_ATGAGC_S99_L005_R1_001.fastq.gz	STARTinput	CHHeart_mSTARTinput_JHS1077_SD_ATGAGC_S99_L005_R1_001.fastq.gz	Heart_STARTinput1	Heart
CHIntestine_mSTART_JHS1012_SD_AGTCAA_S24_L002_R1_001.fastq.gz	START	CHIntestine_mSTART_JHS1012_SD_AGTCAA_S24_L002_R1_001.fastq.gz	Intestine_START1	Intestine
CHKidney_ATAC_JHS991_SD_CGAGGCTG_S3_L001_R1_001.fastq.gz	ATAC	CHKidney_ATAC_JHS991_SD_CGAGGCTG_S3_L001_R1_001.fastq.gz	Kidney_ATAC1	Kidney
CHKidney_GRO_JHS1028_SD_CAACTA_S43_L003_R1_001.fastq.gz	GRO	CHKidney_GRO_JHS1028_SD_CAACTA_S43_L003_R1_001.fastq.gz	Kidney_GRO1	Kidney
CHKidney_GRO_JHS1035_SD_AGTTCC_S50_L003_R1_001.fastq.gz	GROCap	CHKidney_GRO_JHS1035_SD_AGTTCC_S50_L003_R1_001.fastq.gz	Kidney_GROCap1	Kidney
CHKidney_mSTART_JHS1059_SD_CAACTA_S81_L004_R1_001.fastq.gz	START	CHKidney_mSTART_JHS1059_SD_CAACTA_S81_L004_R1_001.fastq.gz	Kidney_START1	Kidney
CHKidney_mSTART_JHS1022_SD_GAGTGG_S34_L002_R1_001.fastq.gz	START	CHKidney_mSTART_JHS1022_SD_GAGTGG_S34_L002_R1_001.fastq.gz	Kidney_START2	Kidney
CHKidney_mSTARTinput_JHS1080_SD_CAACTA_S102_L005_R1_001.fastq.gz	STARTinput	CHKidney_mSTARTinput_JHS1080_SD_CAACTA_S102_L005_R1_001.fastq.gz	Kidney_STARTinput1	Kidney
CHLiver_ATAC_JHS994_SD_CCGTTTGT_S6_L001_R1_001.fastq.gz	ATAC	CHLiver_ATAC_JHS994_SD_CCGTTTGT_S6_L001_R1_001.fastq.gz	Liver_ATAC1	Liver
CHLiver_GRO_JHS1031_SD_TAATCG_S46_L003_R1_001.fastq.gz	GRO	CHLiver_GRO_JHS1031_SD_TAATCG_S46_L003_R1_001.fastq.gz	Liver_GRO1	Liver
CHLiver_GRO_JHS1038_SD_GTAGAG_S53_L003_R1_001.fastq.gz	GROCap	CHLiver_GRO_JHS1038_SD_GTAGAG_S53_L003_R1_001.fastq.gz	Liver_GROCap1	Liver
CHLiver_mSTART_JHS1055_SD_ACTGAT_S77_L004_R1_001.fastq.gz	START	CHLiver_mSTART_JHS1055_SD_ACTGAT_S77_L004_R1_001.fastq.gz	Liver_START1	Liver
CHLiver_mSTART_JHS1015_SD_CCGTCC_S27_L002_R1_001.fastq.gz	START	CHLiver_mSTART_JHS1015_SD_CCGTCC_S27_L002_R1_001.fastq.gz	Liver_START2	Liver
CHLiver_mSTARTinput_JHS1076_SD_ACTGAT_S98_L005_R1_001.fastq.gz	STARTinput	CHLiver_mSTARTinput_JHS1076_SD_ACTGAT_S98_L005_R1_001.fastq.gz	Liver_STARTinput1	Liver
CHLung_ATAC_JHS993_SD_TGGATCTG_S5_L001_R1_001.fastq.gz	ATAC	CHLung_ATAC_JHS993_SD_TGGATCTG_S5_L001_R1_001.fastq.gz	Lung_ATAC1	Lung
CHLung_GRO_JHS1030_SD_CACGAT_S45_L003_R1_001.fastq.gz	GRO	CHLung_GRO_JHS1030_SD_CACGAT_S45_L003_R1_001.fastq.gz	Lung_GRO1	Lung
CHLung_GRO_JHS1037_SD_CCGTCC_S52_L003_R1_001.fastq.gz	GROCap	CHLung_GRO_JHS1037_SD_CCGTCC_S52_L003_R1_001.fastq.gz	Lung_GROCap1	Lung
CHLung_mSTART_JHS1054_SD_GGTAGC_S76_L004_R1_001.fastq.gz	START	CHLung_mSTART_JHS1054_SD_GGTAGC_S76_L004_R1_001.fastq.gz	Lung_START1	Lung
CHLung_mSTART_JHS1020_SD_GTTTCG_S32_L002_R1_001.fastq.gz	START	CHLung_mSTART_JHS1020_SD_GTTTCG_S32_L002_R1_001.fastq.gz	Lung_START2	Lung
CHLung_mSTARTinput_JHS1075_SD_GGTAGC_S97_L005_R1_001.fastq.gz	STARTinput	CHLung_mSTARTinput_JHS1075_SD_GGTAGC_S97_L005_R1_001.fastq.gz	Lung_STARTinput1	Lung
CHMiscOrgans_mSTART_JHS1060_SD_CACCGG_S82_L004_R1_001.fastq.gz	START	CHMiscOrgans_mSTART_JHS1060_SD_CACCGG_S82_L004_R1_001.fastq.gz	MiscOrgans_START1	MiscOrgans
CHMiscOrgans_mSTART_JHS1018_SD_GTGAAA_S30_L002_R1_001.fastq.gz	START	CHMiscOrgans_mSTART_JHS1018_SD_GTGAAA_S30_L002_R1_001.fastq.gz	MiscOrgans_START2	MiscOrgans
CHMiscOrgans_mSTARTinput_JHS1081_SD_CACCGG_S103_L005_R1_001.fastq.gz	STARTinput	CHMiscOrgans_mSTARTinput_JHS1081_SD_CACCGG_S103_L005_R1_001.fastq.gz	MiscOrgans_STARTinput1	MiscOrgans
CHMuscle_mSTART_JHS1019_SD_GTGGCC_S31_L002_R1_001.fastq.gz	START	CHMuscle_mSTART_JHS1019_SD_GTGGCC_S31_L002_R1_001.fastq.gz	Muscle_START1	Muscle
CHMuscle_mSTART_JHS1058_SD_CAAAAG_S80_L004_R1_001.fastq.gz	START	CHMuscle_mSTART_JHS1058_SD_CAAAAG_S80_L004_R1_001.fastq.gz	Muscle_START2	Muscle
CHMuscle_mSTARTinput_JHS1079_SD_CAAAAG_S101_L005_R1_001.fastq.gz	STARTinput	CHMuscle_mSTARTinput_JHS1079_SD_CAAAAG_S101_L005_R1_001.fastq.gz	Muscle_STARTinput1	Muscle
CHPancreas_mSTART_JHS1014_SD_ATGTCA_S26_L002_R1_001.fastq.gz	START	CHPancreas_mSTART_JHS1014_SD_ATGTCA_S26_L002_R1_001.fastq.gz	Pancreas_START1	Pancreas
CHPancreas_mSTART_JHS1051_SD_GTTTCG_S73_L004_R1_001.fastq.gz	START	CHPancreas_mSTART_JHS1051_SD_GTTTCG_S73_L004_R1_001.fastq.gz	Pancreas_START2	Pancreas
CHPancreas_mSTARTinput_JHS1072_SD_GTTTCG_S94_L005_R1_001.fastq.gz	STARTinput	CHPancreas_mSTARTinput_JHS1072_SD_GTTTCG_S94_L005_R1_001.fastq.gz	Pancreas_STARTinput1	Pancreas
CHSkin_mSTART_JHS1021_SD_CGTACG_S33_L002_R1_001.fastq.gz	START	CHSkin_mSTART_JHS1021_SD_CGTACG_S33_L002_R1_001.fastq.gz	Skin_START1	Skin
CHSpleenBlood_ATAC_JHS995_SD_TGCTGGGT_S7_L001_R1_001.fastq.gz	ATAC	CHSpleenBlood_ATAC_JHS995_SD_TGCTGGGT_S7_L001_R1_001.fastq.gz	Spleen_ATAC1	Spleen
CHBloondnegSpleen_GRO_JHS1032_SD_TCCCGA_S47_L003_R1_001.fastq (3).gz	GRO	CHBloondnegSpleen_GRO_JHS1032_SD_TCCCGA_S47_L003_R1_001.fastq (3).gz	Spleen_GRO1	Spleen
CHSpleednegBlood_mSTART_JHS1017_SD_GTCCGC_S29_L002_R1_001.fastq.gz	START	CHSpleednegBlood_mSTART_JHS1017_SD_GTCCGC_S29_L002_R1_001.fastq.gz	Spleen_START1	Spleen
CHSpleen_mSTART_JHS1053_SD_GAGTGG_S75_L004_R1_001.fastq.gz	START	CHSpleen_mSTART_JHS1053_SD_GAGTGG_S75_L004_R1_001.fastq.gz	Spleen_START2	Spleen
CHSpleen_mSTARTinput_JHS1074_SD_GAGTGG_S96_L005_R1_001.fastq.gz	STARTinput	CHSpleen_mSTARTinput_JHS1074_SD_GAGTGG_S96_L005_R1_001.fastq.gz	Spleen_STARTinput1	Spleen
CHTotal_mSTART_JHS1023_SD_GGTAGC_S35_L002_R1_001.fastq.gz	START	CHTotal_mSTART_JHS1023_SD_GGTAGC_S35_L002_R1_001.fastq.gz	Total_START1	Total
NL10_Misc_S10_L006_R1_001.fastq.gz	RNASeq	NL10_Misc_S10_L006_R1_001.fastq.gz	Misc_RNASeq1	MiscOrgans
NL11_Brain7-1_S11_L006_R1_001.fastq.gz	RNASeq	NL11_Brain7-1_S11_L006_R1_001.fastq.gz	Brain_RNASeq1	Brain
NL1_Pancreas_S1_L006_R1_001.fastq.gz	RNASeq	NL1_Pancreas_S1_L006_R1_001.fastq.gz	Pancreas_RNASeq1	Pancreas
NL2_ReproductiveTract_S2_L006_R1_001.fastq.gz	RNASeq	NL2_ReproductiveTract_S2_L006_R1_001.fastq.gz	ReproductiveTract_RNASeq1	FemaleReproductive
NL3_Spleen_S3_L006_R1_001.fastq.gz	RNASeq	NL3_Spleen_S3_L006_R1_001.fastq.gz	Spleen_RNASeq1	Spleen
NL4_Lung_S4_L006_R1_001.fastq.gz	RNASeq	NL4_Lung_S4_L006_R1_001.fastq.gz	Lung_RNASeq1	Lung
NL5_Liver_S5_L006_R1_001.fastq.gz	RNASeq	NL5_Liver_S5_L006_R1_001.fastq.gz	Liver_RNASeq1	Liver
NL6_Heart_S6_L006_R1_001.fastq.gz	RNASeq	NL6_Heart_S6_L006_R1_001.fastq.gz	Heart_RNASeq1	Heart
NL7_Brain2_S7_L006_R1_001.fastq.gz	RNASeq	NL7_Brain2_S7_L006_R1_001.fastq.gz	Brain_RNASeq2	Brain
NL8_Muscle_S8_L006_R1_001.fastq.gz	RNASeq	NL8_Muscle_S8_L006_R1_001.fastq.gz	Muscle_RNASeq1	Muscle
NL9_Kidney_S9_L006_R1_001.fastq.gz	RNASeq	NL9_Kidney_S9_L006_R1_001.fastq.gz	Kidney_RNASeq1	Kidney
